date,product_name,store,price,jan,url
2026-05-16,Switch2 多言語版,買取一丁目,76500,,
2026-05-16,Switch2 国内版マリカーセット,買取一丁目,55200,,
2026-05-16,Switch2 国内版,買取一丁目,51700,,
2026-05-16,Switch2 Proコン,買取一丁目,8700,,
2026-05-16,Pokemon GO Plus+,買取一丁目,16800,,
2026-05-16,Switch 新型グレー,買取一丁目,34600,,
2026-05-16,Switch 新型ネオン,買取一丁目,34500,,
2026-05-16,Switch Liteイエロー,買取一丁目,26100,,
2026-05-16,Switch Liteコーラル,買取一丁目,26100,,
2026-05-16,Switch Liteターコイズ,買取一丁目,26100,,
2026-05-16,Switch Liteグレー,買取一丁目,26100,,
2026-05-16,Switch Liteブルー,買取一丁目,26100,,
2026-05-16,PlayStation VR2,買取一丁目,53000,,
2026-05-16,リモートプレーヤー,買取一丁目,33000,,
2026-05-16,Xbox X,買取一丁目,87000,,
2026-05-16,Xbox S,買取一丁目,63800,,
2026-05-16,Meta Quest 3 512,買取一丁目,83500,,
2026-05-16,Meta Quest 3S 128GB,買取一丁目,49000,,
2026-05-16,Meta Quest 3S 256GB,買取一丁目,63500,,
2026-05-16,X100VI ブラック（旧）,買取一丁目,274500,,
2026-05-16,X100VI シルバー（旧）,買取一丁目,273000,,
2026-05-16,SX740 シルバー,買取一丁目,87000,,
2026-05-16,LUMIX DC-TZ99 ホワイト,買取一丁目,65000,,
2026-05-16,LUMIX DC-TZ99 ブラック,買取一丁目,66800,,
2026-05-16,RICOH GR IIIx,買取一丁目,189300,,
2026-05-16,RICOH GR III,買取一丁目,174700,,
2026-05-16,RICOH GR III Diary Edition,買取一丁目,181500,,
2026-05-16,RICOH GR IIIx Urban Edition,買取一丁目,184500,,
2026-05-16,RICOH GR IV,買取一丁目,241200,,
2026-05-16,instax mini 40,買取一丁目,17500,,
2026-05-16,instax mini 99,買取一丁目,26600,,
2026-05-16,instax SQUARE SQ40 ブラック,買取一丁目,20700,,
2026-05-16,instax WIDE 400,買取一丁目,24400,,
2026-05-16,instax WIDE Evo,買取一丁目,38000,,
2026-05-16,チェキフィルム 1P,買取一丁目,1460,,
2026-05-16,チェキフィルム 2P,買取一丁目,3000,,
2026-05-16,写ルンです（新パッケージ）,買取一丁目,2720,,
2026-05-16,ニンジャスピナー,買取一丁目,11800,,
2026-05-16,インフェルノX,買取一丁目,26000,,
2026-05-16,ムニキスゼロ,買取一丁目,8500,,
2026-05-16,MEGAドリームex,買取一丁目,16500,,
2026-05-16,メガブレイブ,買取一丁目,13000,,
2026-05-16,メガシンフォニア,買取一丁目,10300,,
2026-05-16,ブラックボルト,買取一丁目,26000,,
2026-05-16,ホワイトフレア,買取一丁目,23300,,
2026-05-16,ロケット団の栄光,買取一丁目,30000,,
2026-05-16,熱風のアリーナ,買取一丁目,22000,,
2026-05-16,バトルパートナーズ,買取一丁目,10600,,
2026-05-16,テラスタルフェスex,買取一丁目,22000,,
2026-05-16,超電ブレイカー,買取一丁目,39000,,
2026-05-16,楽園ドラゴーナ,買取一丁目,20300,,
2026-05-16,ステラミラクル,買取一丁目,11000,,
2026-05-16,ナイトワンダラー,買取一丁目,10600,,
2026-05-16,変幻の仮面,買取一丁目,14000,,
2026-05-16,クリムゾンヘイズ,買取一丁目,15300,,
2026-05-16,ワイルドフォース,買取一丁目,13200,,
2026-05-16,サイバージャッジ,買取一丁目,11000,,
2026-05-16,シャイニートレジャーex,買取一丁目,19500,,
2026-05-16,古代の咆哮,買取一丁目,10500,,
2026-05-16,未来の一閃,買取一丁目,10100,,
2026-05-16,レイジングサーフ,買取一丁目,13600,,
2026-05-16,黒炎の支配者,買取一丁目,23500,,
2026-05-16,ポケモンカード151,買取一丁目,63000,,
2026-05-16,クレイバースト,買取一丁目,13000,,
2026-05-16,スノーハザード,買取一丁目,11000,,
2026-05-16,トリプレットビート,買取一丁目,18200,,
2026-05-16,バイオレットex,買取一丁目,10000,,
2026-05-16,スカーレットex,買取一丁目,12500,,
2026-05-16,VSTARユニバース,買取一丁目,35000,,
2026-05-16,OP-15 神の島の冒険,買取一丁目,10500,,
2026-05-16,EB-04 EGGHEAD CRISIS,買取一丁目,9300,,
2026-05-16,OP-14 蒼海の七傑,買取一丁目,11500,,
2026-05-16,EB-03 Heroines Edition,買取一丁目,14800,,
2026-05-16,OP-13 受け継がれる意志,買取一丁目,24200,,
2026-05-16,OP-12 師弟の絆,買取一丁目,13500,,
2026-05-16,OP-11 神速の拳,買取一丁目,25000,,
2026-05-16,OP-10 王族の血統,買取一丁目,10500,,
2026-05-16,PRB-01 THE BEST,買取一丁目,17400,,
2026-05-16,Switch 有機白,買取一丁目,44800,,
2026-05-16,Switch 有機ネオン,買取一丁目,48300,,
2026-05-16,PlayStation5 Pro,買取一丁目,134000,,
2026-05-16,Steam Deck 有機EL 1TB,買取一丁目,120000,,
2026-05-16,Steam Deck 有機EL 512GB,買取一丁目,106000,,
2026-05-16,G7 X Mark III ブラック,買取一丁目,178000,,
2026-05-16,G7 X Mark III シルバー,買取一丁目,167000,,
2026-05-17,Switch2 多言語版,買取一丁目,76500,4902370552683,https://www.1-chome.com/wineDetail/7050/7050
2026-05-17,Switch2 国内版マリカーセット,買取一丁目,56000,4902370553031,https://www.1-chome.com/wineDetail/7049/7049
2026-05-17,Switch2 国内版,買取一丁目,50600,4902370553024,https://www.1-chome.com/wineDetail/7048/7048
2026-05-17,Joy-Con 2 ブルー/レッドセット,買取一丁目,8500,4902370552744,https://www.1-chome.com/wineDetail/7052/7052
2026-05-17,Joy-Con 2 パープル/グリーンセット,買取一丁目,8600,4902370553871,https://www.1-chome.com/wineDetail/8378/8378
2026-05-17,Switch2 Proコン,買取一丁目,8700,4902370552843,https://www.1-chome.com/wineDetail/7051/7051
2026-05-17,Alarmo,買取一丁目,10000,4902370552195,https://www.1-chome.com/wineDetail/6154/6154
2026-05-17,Pokemon GO Plus+,買取一丁目,16800,4521329368009,https://www.1-chome.com/wineDetail/5200/5200
2026-05-17,Switch 新型グレー,買取一丁目,35000,4902370551198,https://www.1-chome.com/wineDetail/5020/5020
2026-05-17,Switch 新型ネオン,買取一丁目,35000,4902370550733,https://www.1-chome.com/wineDetail/4567/4567
2026-05-17,Switch 有機白,買取一丁目,45600,4902370548495,https://www.1-chome.com/wineDetail/1827/1827
2026-05-17,Switch 有機ネオン,買取一丁目,49000,4902370548501,https://www.1-chome.com/wineDetail/1826/1826
2026-05-17,Switch Liteイエロー,買取一丁目,26300,4902370542936,https://www.1-chome.com/wineDetail/1117/1117
2026-05-17,Switch Liteコーラル,買取一丁目,26300,4902370545302,https://www.1-chome.com/wineDetail/1049/1049
2026-05-17,Switch Liteターコイズ,買取一丁目,26300,4902370542943,https://www.1-chome.com/wineDetail/1118/1118
2026-05-17,Switch Liteグレー,買取一丁目,26300,4902370542929,https://www.1-chome.com/wineDetail/1119/1119
2026-05-17,Switch Liteブルー,買取一丁目,26300,4902370547672,https://www.1-chome.com/wineDetail/1384/1384
2026-05-17,PS5デジタル,買取一丁目,55000,4948872850599,https://www.1-chome.com/wineDetail/8508/8508
2026-05-17,PlayStation5 Pro,買取一丁目,134500,4948872416320,https://www.1-chome.com/wineDetail/6122/6122
2026-05-17,PS5,買取一丁目,94000,4948872415934,https://www.1-chome.com/wineDetail/5401/5401
2026-05-17,PlayStation VR2,買取一丁目,53500,4948872016490,https://www.1-chome.com/wineDetail/4713/4713
2026-05-17,リモートプレーヤー,買取一丁目,33000,4948872017084,https://www.1-chome.com/wineDetail/5398/5398
2026-05-17,PS5 ディスクドライブ,買取一丁目,10200,4948872416030,https://www.1-chome.com/wineDetail/5526/5526
2026-05-17,Xbox X,買取一丁目,87000,4549576161617,https://www.1-chome.com/wineDetail/1191/1191
2026-05-17,Xbox S,買取一丁目,63800,4549576246994,https://www.1-chome.com/wineDetail/6020/6020
2026-05-17,Meta Quest 3 512,買取一丁目,82500,0815820024170,https://www.1-chome.com/wineDetail/5320/5320
2026-05-17,Meta Quest 3S 128GB,買取一丁目,48500,0815820025238,https://www.1-chome.com/wineDetail/6094/6094
2026-05-17,Meta Quest 3S 256GB,買取一丁目,63500,0815820025290,https://www.1-chome.com/wineDetail/6095/6095
2026-05-17,Steam Deck 有機EL 1TB,買取一丁目,120000,0814585022308,https://www.1-chome.com/wineDetail/5477/5477
2026-05-17,Steam Deck 有機EL 512GB,買取一丁目,106000,0814585022254,https://www.1-chome.com/wineDetail/5476/5476
2026-05-17,X100VI ブラック（旧）,買取一丁目,274500,4547410554267,https://www.1-chome.com/wineDetail/6455/6455
2026-05-17,X100VI シルバー（旧）,買取一丁目,273000,4547410554281,https://www.1-chome.com/wineDetail/6454/6454
2026-05-17,Nikon Z50II ダブルズームキット,買取一丁目,158500,4960759916921,https://www.1-chome.com/wineDetail/6322/6322
2026-05-17,OM SYSTEM PEN E-P7,買取一丁目,82200,4545350055844,https://www.1-chome.com/wineDetail/5481/5481
2026-05-17,G7 X Mark II,買取一丁目,167000,4549292056389,https://www.1-chome.com/wineDetail/108/108
2026-05-17,SX740 シルバー,買取一丁目,87500,4549292119060,https://www.1-chome.com/wineDetail/870/870
2026-05-17,PowerShot V10,買取一丁目,43000,4957792163740,https://www.1-chome.com/wineDetail/5178/5178
2026-05-17,LUMIX DC-TZ99 ホワイト,買取一丁目,65000,4549980888254,https://www.1-chome.com/wineDetail/6842/6842
2026-05-17,LUMIX DC-TZ99 ブラック,買取一丁目,66000,4549980888247,https://www.1-chome.com/wineDetail/6841/6841
2026-05-17,RICOH GR IIIx,買取一丁目,189700,4549212303739,https://www.1-chome.com/wineDetail/1910/1910
2026-05-17,RICOH GR III,買取一丁目,174700,4549212300202,https://www.1-chome.com/wineDetail/856/856
2026-05-17,RICOH GR III Diary Edition,買取一丁目,181500,4549212305863,https://www.1-chome.com/wineDetail/5315/5315
2026-05-17,RICOH GR IIIx Urban Edition,買取一丁目,184500,4549212304507,https://www.1-chome.com/wineDetail/5267/5267
2026-05-17,RICOH GR IV,買取一丁目,242000,4549212311291,https://www.1-chome.com/wineDetail/7469/7469
2026-05-17,Tamron 28-75 G2 ソニーE,買取一丁目,89500,4960371006796,https://www.1-chome.com/wineDetail/2742/2742
2026-05-17,instax mini 40,買取一丁目,17500,4547410449341,https://www.1-chome.com/wineDetail/2812/2812
2026-05-17,instax mini 99,買取一丁目,26600,4547410529845,https://www.1-chome.com/wineDetail/5724/5724
2026-05-17,instax SQUARE SQ40 ブラック,買取一丁目,20700,4547410511178,https://www.1-chome.com/wineDetail/5620/5620
2026-05-17,instax WIDE 400,買取一丁目,24400,4547410570632,https://www.1-chome.com/wineDetail/8689/8689
2026-05-17,instax WIDE 400 グリーン,買取一丁目,24100,4547410529975,https://www.1-chome.com/wineDetail/5899/5899
2026-05-17,instax WIDE Evo,買取一丁目,38000,4547410543360,https://www.1-chome.com/wineDetail/6419/6419
2026-05-17,チェキフィルム 1P,買取一丁目,1460,4547410377224,https://www.1-chome.com/wineDetail/4871/4871
2026-05-17,チェキフィルム 2P,買取一丁目,3000,4547410377231,https://www.1-chome.com/wineDetail/4870/4870
2026-05-17,写ルンです（新パッケージ）,買取一丁目,2720,4547410369137,https://www.1-chome.com/wineDetail/5044/5044
2026-05-17,instax SQUARE フィルム WW1,買取一丁目,1400,4547410348613,https://www.1-chome.com/wineDetail/5782/5782
2026-05-17,instax SQUARE フィルム WW2,買取一丁目,2720,4547410370003,https://www.1-chome.com/wineDetail/5627/5627
2026-05-17,ニンジャスピナー,買取一丁目,11800,4521329432786,https://www.1-chome.com/wineDetail/8420/8420
2026-05-17,インフェルノX,買取一丁目,25500,4521329431529,https://www.1-chome.com/wineDetail/7553/7553
2026-05-17,ムニキスゼロ,買取一丁目,8500,4521329432274,https://www.1-chome.com/wineDetail/8026/8026
2026-05-17,MEGAドリームex,買取一丁目,16600,4521329431932,https://www.1-chome.com/wineDetail/7847/7847
2026-05-17,メガブレイブ,買取一丁目,13000,‎4521329431161,https://www.1-chome.com/wineDetail/7252/7252
2026-05-17,メガシンフォニア,買取一丁目,10300,4521329431185,https://www.1-chome.com/wineDetail/7253/7253
2026-05-17,ブラックボルト,買取一丁目,25500,4521329427768,https://www.1-chome.com/wineDetail/7087/7087
2026-05-17,ホワイトフレア,買取一丁目,23000,4521329427782,https://www.1-chome.com/wineDetail/7088/7088
2026-05-17,ロケット団の栄光,買取一丁目,29000,4521329374659,https://www.1-chome.com/wineDetail/6891/6891
2026-05-17,熱風のアリーナ,買取一丁目,22000,4521329374758,https://www.1-chome.com/wineDetail/6834/6834
2026-05-17,バトルパートナーズ,買取一丁目,10700,4521329362649,https://www.1-chome.com/wineDetail/6407/6407
2026-05-17,テラスタルフェスex,買取一丁目,22000,4521329362342,https://www.1-chome.com/wineDetail/6408/6408
2026-05-17,超電ブレイカー,買取一丁目,39000,4521329361505,https://www.1-chome.com/wineDetail/6409/6409
2026-05-17,楽園ドラゴーナ,買取一丁目,20500,4521329361352,https://www.1-chome.com/wineDetail/6410/6410
2026-05-17,ステラミラクル,買取一丁目,11400,4521329361000,https://www.1-chome.com/wineDetail/6411/6411
2026-05-17,ナイトワンダラー,買取一丁目,11000,4521329362496,https://www.1-chome.com/wineDetail/6412/6412
2026-05-17,変幻の仮面,買取一丁目,14000,4521329362526,https://www.1-chome.com/wineDetail/6413/6413
2026-05-17,クリムゾンヘイズ,買取一丁目,15200,4521329361239,https://www.1-chome.com/wineDetail/6414/6414
2026-05-17,ワイルドフォース,買取一丁目,13500,4521329394831,https://www.1-chome.com/wineDetail/6416/6416
2026-05-17,サイバージャッジ,買取一丁目,10800,4521329394848,https://www.1-chome.com/wineDetail/6415/6415
2026-05-17,シャイニートレジャーex,買取一丁目,19500,4521329394824,https://www.1-chome.com/wineDetail/5484/5484
2026-05-17,古代の咆哮,買取一丁目,10800,4521329394732,https://www.1-chome.com/wineDetail/5436/5436
2026-05-17,未来の一閃,買取一丁目,10500,4521329394756,https://www.1-chome.com/wineDetail/6417/6417
2026-05-17,レイジングサーフ,買取一丁目,13600,4521329391397,https://www.1-chome.com/wineDetail/5305/5305
2026-05-17,黒炎の支配者,買取一丁目,23500,4521329346014,https://www.1-chome.com/wineDetail/5210/5210
2026-05-17,ポケモンカード151,買取一丁目,64000,4521329346038,https://www.1-chome.com/wineDetail/5143/5143
2026-05-17,クレイバースト,買取一丁目,13500,4521329346182,https://www.1-chome.com/wineDetail/5015/5015
2026-05-17,スノーハザード,買取一丁目,11100,4521329346229,https://www.1-chome.com/wineDetail/5016/5016
2026-05-17,トリプレットビート,買取一丁目,19000,4521329346274,https://www.1-chome.com/wineDetail/4840/4840
2026-05-17,バイオレットex,買取一丁目,10000,4521329373539,https://www.1-chome.com/wineDetail/4841/4841
2026-05-17,スカーレットex,買取一丁目,13000,4521329373515,https://www.1-chome.com/wineDetail/4842/4842
2026-05-17,VSTARユニバース,買取一丁目,35000,4521329373362,https://www.1-chome.com/wineDetail/4839/4839
2026-05-17,OP-15 神の島の冒険,買取一丁目,10500,4582769966002,https://www.1-chome.com/wineDetail/8399/8399
2026-05-17,EB-04 EGGHEAD CRISIS,買取一丁目,9300,4582769937620,https://www.1-chome.com/wineDetail/8228/8228
2026-05-17,OP-14 蒼海の七傑,買取一丁目,11500,4582769922978,https://www.1-chome.com/wineDetail/8005/8005
2026-05-17,EB-03 Heroines Edition,買取一丁目,15000,4582769865220,https://www.1-chome.com/wineDetail/7816/7816
2026-05-17,OP-13 受け継がれる意志,買取一丁目,24400,4582769865213,https://www.1-chome.com/wineDetail/7817/7817
2026-05-17,OP-12 師弟の絆,買取一丁目,13500,4582769796838,https://www.1-chome.com/wineDetail/8004/8004
2026-05-17,OP-11 神速の拳,買取一丁目,25000,4582769774683,https://www.1-chome.com/wineDetail/8002/8002
2026-05-17,OP-10 王族の血統,買取一丁目,10700,4582769707384,https://www.1-chome.com/wineDetail/8003/8003
2026-05-17,PRB-01 THE BEST,買取一丁目,17400,4570118259509,https://www.1-chome.com/wineDetail/8313/8313
2026-05-17,PlayStation VR2 Horizon同梱版,買取一丁目,53500,4948872016612,https://www.1-chome.com/wineDetail/4714/4714
2026-05-17,Xbox X 1TB ホワイト,買取一丁目,77000,4549576247038,https://www.1-chome.com/wineDetail/6021/6021
2026-05-17,Xbox S 1TB ホワイト,買取一丁目,63800,4549576246994,https://www.1-chome.com/wineDetail/6020/6020
2026-05-17,Joy-Con 2 L ライトブルー,買取一丁目,3800,4902370552706,https://www.1-chome.com/wineDetail/7054/7054
2026-05-17,Joy-Con 2 R ライトレッド,買取一丁目,3800,4902370552720,https://www.1-chome.com/wineDetail/7053/7053
2026-05-17,Joy-Con 2 充電グリップ,買取一丁目,3000,4902370552829,https://www.1-chome.com/wineDetail/7058/7058
2026-05-17,リングフィット アドベンチャー,買取一丁目,7000,4902370543278,https://www.1-chome.com/wineDetail/989/989
2026-05-17,Joy-Con マリパ4人セット,買取一丁目,10800,4902370551679,https://www.1-chome.com/wineDetail/5441/5441
2026-05-17,Joy-Con マリパセット,買取一丁目,8000,4902370540987,https://www.1-chome.com/wineDetail/6628/6628
2026-05-17,Joy-Con ネオンレッド/ネオンブルー,買取一丁目,7500,4902370536034,https://www.1-chome.com/wineDetail/848/848
2026-05-17,Joy-Con ネオングリーン/ネオンピンク,買取一丁目,7500,4902370537345,https://www.1-chome.com/wineDetail/851/851
2026-05-17,Joy-Con ネオンブルー/ネオンイエロー,買取一丁目,7200,4902370544060,https://www.1-chome.com/wineDetail/1078/1078
2026-05-17,Joy-Con ネオンパープル/ネオンオレンジ,買取一丁目,7500,4902370544077,https://www.1-chome.com/wineDetail/1079/1079
2026-05-17,Joy-Con パステルパープル/パステルグリーン,買取一丁目,7200,4902370551136,https://www.1-chome.com/wineDetail/5103/5103
2026-05-17,Joy-Con パステルピンク/パステルイエロー,買取一丁目,7500,4902370551112,https://www.1-chome.com/wineDetail/5102/5102
2026-05-17,Joy-Con パステルピンク,買取一丁目,7500,4902370552027,https://www.1-chome.com/wineDetail/5608/5608
2026-05-17,Joy-Con グレー/グレー,買取一丁目,6500,4902370536003,https://www.1-chome.com/wineDetail/6616/6616
2026-05-17,Joy-Con ネオンイエロー,買取一丁目,6500,4902370536515,https://www.1-chome.com/wineDetail/6617/6617
2026-05-17,Joy-Con レッド,買取一丁目,6500,4902370537703,https://www.1-chome.com/wineDetail/6618/6618
2026-05-17,マリオパーティ ジャンボリー,買取一丁目,5300,4902370552430,https://www.1-chome.com/wineDetail/6048/6048
2026-05-17,PS5 It Takes Two,買取一丁目,3000,4938833024404,https://www.1-chome.com/wineDetail/4606/4606
2026-05-17,ゼルダ 知恵のかりもの,買取一丁目,4700,4902370552409,https://www.1-chome.com/wineDetail/6034/6034
2026-05-17,ゼルダ ティアーズ オブ ザ キングダム,買取一丁目,5900,4902370550979,https://www.1-chome.com/wineDetail/4977/4977
2026-05-17,ゼノブレイドクロス Switch 2,買取一丁目,5000,4902370552935,https://www.1-chome.com/wineDetail/6839/6839
2026-05-17,Pokemon LEGENDS Z-A Switch,買取一丁目,4800,4902370553550,https://www.1-chome.com/wineDetail/7714/7714
2026-05-17,トモダチコレクション Switch,買取一丁目,6500,4902370553963,https://www.1-chome.com/wineDetail/8505/8505
2026-05-17,PS5 プラグマタ,買取一丁目,6500,4976219137812,https://www.1-chome.com/wineDetail/8534/8534
2026-05-17,マリオカート ワールド ソフト,買取一丁目,7600,4902370553260,https://www.1-chome.com/wineDetail/7067/7067
2026-05-17,モンスターハンターストーリーズ3 Switch,買取一丁目,6500,4976219137744,https://www.1-chome.com/wineDetail/8418/8418
2026-05-17,Pokemon LEGENDS Z-A Switch 2,買取一丁目,5500,4902370553574,https://www.1-chome.com/wineDetail/7715/7715
2026-05-17,PS5 Split Fiction,買取一丁目,3500,4938833024800,https://www.1-chome.com/wineDetail/7070/7070
2026-05-17,PS5 Ghost of Yotei,買取一丁目,94000,4948872850391,https://www.1-chome.com/wineDetail/7452/7452
2026-05-17,DualSense ホワイト,買取一丁目,9300,4948872414975,https://www.1-chome.com/wineDetail/1186/1186
2026-05-17,DualSense ブラック,買取一丁目,9300,4948872415163,https://www.1-chome.com/wineDetail/1396/1396
2026-05-17,DualSense レッド,買取一丁目,9300,4948872415187,https://www.1-chome.com/wineDetail/1397/1397
2026-05-17,DualSense パープル,買取一丁目,9300,4948872415279,https://www.1-chome.com/wineDetail/2087/2087
2026-05-17,DualSense ブルー,買取一丁目,9300,4948872415286,https://www.1-chome.com/wineDetail/2089/2089
2026-05-17,DualSense ピンク,買取一丁目,9300,4948872415293,https://www.1-chome.com/wineDetail/2088/2088
2026-05-17,DualSense グレー カモフラージュ,買取一丁目,9300,4948872415682,https://www.1-chome.com/wineDetail/4436/4436
2026-05-17,DualSense シルバー,買取一丁目,9300,4948872415644,https://www.1-chome.com/wineDetail/5396/5396
2026-05-17,DualSense ヴォルカニック レッド,買取一丁目,9300,4948872415668,https://www.1-chome.com/wineDetail/5397/5397
2026-05-17,DualSense コバルト ブルー,買取一丁目,9300,4948872416139,https://www.1-chome.com/wineDetail/5395/5395
2026-05-17,DualSense クロマ グリーン,買取一丁目,9300,4948872416412,https://www.1-chome.com/wineDetail/6135/6135
2026-05-17,DualSense インディゴ,買取一丁目,9300,4948872416399,https://www.1-chome.com/wineDetail/6134/6134
2026-05-17,DualSense クロマ パール,買取一丁目,9300,4948872416375,https://www.1-chome.com/wineDetail/6136/6136
2026-05-17,DualSense モンスターハンターワイルズ,買取一丁目,9500,4948872416726,https://www.1-chome.com/wineDetail/6343/6343
2026-05-17,DualSense Marathon,買取一丁目,9500,4948872417167,https://www.1-chome.com/wineDetail/8350/8350
2026-05-17,DualSense ゴッド・オブ・ウォー 20th,買取一丁目,9800,4948872416948,https://www.1-chome.com/wineDetail/7785/7785
2026-05-17,DualSense フォートナイ,買取一丁目,10000,4948872416702,https://www.1-chome.com/wineDetail/6137/6137
2026-05-17,DualSense アストロボット,買取一丁目,9000,4948872417051,https://www.1-chome.com/wineDetail/7792/7792
2026-05-17,DualSense Ghost of Yotei ゴールド,買取一丁目,9600,4948872416801,https://www.1-chome.com/wineDetail/7454/7454
2026-05-17,DualSense Ghost of Yotei ブラック,買取一丁目,9600,4948872416788,https://www.1-chome.com/wineDetail/7453/7453
2026-05-17,DualSense 原神,買取一丁目,9500,4948872417457,https://www.1-chome.com/wineDetail/8085/8085
2026-05-17,DualSense ロボット,買取一丁目,10500,4948872416306,https://www.1-chome.com/wineDetail/5959/5959
2026-05-17,DualSense Spider-Man 2,買取一丁目,14000,4948872416016,https://www.1-chome.com/wineDetail/5212/5212
2026-05-17,DualSense FINAL FANTASY,買取一丁目,10000,4948872016704,https://www.1-chome.com/wineDetail/5063/5063
2026-05-17,DualSense 30周年,買取一丁目,10400,4948872416467,https://www.1-chome.com/wineDetail/6118/6118
2026-05-17,DualSense ゴッド・オブ・ウォー,買取一丁目,10000,4948872415620,https://www.1-chome.com/wineDetail/4437/4437
2026-05-17,DualSense テクノ レッド,買取一丁目,9500,4948872417143,https://www.1-chome.com/wineDetail/8348/8348
2026-05-17,DualSense リミックス グリーン,買取一丁目,9500,4948872417129,https://www.1-chome.com/wineDetail/8349/8349
2026-05-17,DualSense リズム ブルー,買取一丁目,9500,4948872417105,https://www.1-chome.com/wineDetail/8347/8347
2026-05-17,DualSense ミッドナイト ブラック USB,買取一丁目,9800,4948872850704,https://www.1-chome.com/wineDetail/8375/8375
2026-05-17,Meta Quest 3 128,買取一丁目,63000,0815820024149,https://www.1-chome.com/wineDetail/5319/5319
2026-05-17,instax mini 13 ブルー,買取一丁目,14150,4547410564631,https://www.1-chome.com/wineDetail/8686/8686
2026-05-17,instax mini 13 ピンク,買取一丁目,14150,4547410564648,https://www.1-chome.com/wineDetail/8684/8684
2026-05-17,instax mini 13 パープル,買取一丁目,14150,4547410564679,https://www.1-chome.com/wineDetail/8685/8685
2026-05-17,instax mini 12 ピンク,買取一丁目,12200,4547410489125,https://www.1-chome.com/wineDetail/5696/5696
2026-05-17,instax mini Evo 茶,買取一丁目,27500,4547410520125,https://www.1-chome.com/wineDetail/5194/5194
2026-05-17,instax mini Evo 黒,買取一丁目,25200,4547410520088,https://www.1-chome.com/wineDetail/5193/5193
2026-05-17,instax mini Evo PINK,買取一丁目,53500,4547410555844,https://www.1-chome.com/wineDetail/6404/6404
2026-05-17,instax mini Evo GENTLE ROSE,買取一丁目,31300,4547410564334,https://www.1-chome.com/wineDetail/7810/7810
2026-05-17,instax SQUARE SQ1 ホワイト,買取一丁目,21000,4547410441536,https://www.1-chome.com/wineDetail/5802/5802
2026-05-17,instax SQUARE SQ1 ブルー,買取一丁目,21000,4547410441529,https://www.1-chome.com/wineDetail/5804/5804
2026-05-17,instax SQUARE SQ1 オレンジ,買取一丁目,21000,4547410441512,https://www.1-chome.com/wineDetail/5803/5803
2026-05-17,X-T30 レンズキット,買取一丁目,130000,4547410538304,https://www.1-chome.com/wineDetail/5541/5541
2026-05-17,PowerShot G1 X Mark III,買取一丁目,95000,4549292100723,https://www.1-chome.com/wineDetail/2705/2705
2026-05-17,Nikon Z50II ボディ,買取一丁目,111500,4960759916761,https://www.1-chome.com/wineDetail/6825/6825
2026-05-17,Nikon Z50II 16-50 VRキット,買取一丁目,126000,4960759916846,https://www.1-chome.com/wineDetail/6892/6892
2026-05-17,Nikon Z50II 18-140 VRキット,買取一丁目,153500,4960759917003,https://www.1-chome.com/wineDetail/6893/6893
2026-05-17,SX70,買取一丁目,126700,4549292119183,https://www.1-chome.com/wineDetail/865/865
2026-05-17,PowerShot V1,買取一丁目,10000,4549292228090,https://www.1-chome.com/wineDetail/6896/6896
2026-05-17,RICOH GR IV Monochrome,買取一丁目,233500,4549212311994,https://www.1-chome.com/wineDetail/7975/7975
2026-05-17,NIKKOR Z DX 50-250mm,買取一丁目,36300,4960759900340,https://www.1-chome.com/wineDetail/4633/4633
2026-05-17,Sigma 28-70mm F2.8,買取一丁目,79500,85126592653,https://www.1-chome.com/wineDetail/3936/3936
2026-05-17,Tamron 18-300 フジ,買取一丁目,59000,4960371006772,https://www.1-chome.com/wineDetail/2778/2778
2026-05-17,Tamron 28-200,買取一丁目,65000,4960371006703,https://www.1-chome.com/wineDetail/2763/2763
2026-05-17,Tamron 18-300 ソニーE,買取一丁目,55000,4960371006765,https://www.1-chome.com/wineDetail/2779/2779
2026-05-17,Tamron 18-300 ニコンZ,買取一丁目,62200,4960371007007,https://www.1-chome.com/wineDetail/8058/8058
2026-05-17,Tamron 25-200,買取一丁目,88500,4960371007014,https://www.1-chome.com/wineDetail/7858/7858
2026-05-17,Tamron 28-300,買取一丁目,95500,4960371006925,https://www.1-chome.com/wineDetail/7319/7319
2026-05-17,Tamron 28-75 G2 ニコンZ,買取一丁目,91000,4960371006901,https://www.1-chome.com/wineDetail/5865/5865
2026-05-17,instax mini 90 黒,買取一丁目,43500,4547410260649,https://www.1-chome.com/wineDetail/2826/2826
2026-05-17,instax mini 90 茶,買取一丁目,43500,4547410269307,https://www.1-chome.com/wineDetail/2824/2824
2026-05-17,instax mini Evo Cinema,買取一丁目,41000,4547410562293,https://www.1-chome.com/wineDetail/8217/8217
2026-05-17,instax WIDE フィルム 10枚,買取一丁目,1410,4547410173765,https://www.1-chome.com/wineDetail/5910/5910
2026-05-17,instax WIDE フィルム 20枚,買取一丁目,2920,4547410173772,https://www.1-chome.com/wineDetail/5909/5909
2026-05-17,instax WIDE フィルム 50枚,買取一丁目,6280,4547410173789,https://www.1-chome.com/wineDetail/5908/5908
2026-05-17,instax mini フィルム PASTEL GALAXY,買取一丁目,1550,4547410570014,https://www.1-chome.com/wineDetail/8588/8588
2026-05-17,Switch Proコン,買取一丁目,6300,4902370535730,https://www.1-chome.com/wineDetail/646/646
2026-05-17,Switch Proコン ゼルダ,買取一丁目,6800,4902370550504,https://www.1-chome.com/wineDetail/4974/4974
2026-05-17,Switch Proコン スプラ3,買取一丁目,6800,4902370549560,https://www.1-chome.com/wineDetail/4156/4156
2026-05-17,instax mini 13 ホワイト,買取一丁目,14150,4547410564662,https://www.1-chome.com/wineDetail/8688/8688
2026-05-17,instax mini 13 グリーン,買取一丁目,14150,4547410564655,https://www.1-chome.com/wineDetail/8687/8687
2026-05-17,X100VI ブラック（新）,買取一丁目,274500,4547410554267,https://www.1-chome.com/wineDetail/6455/6455
2026-05-17,X100VI シルバー（新）,買取一丁目,273000,4547410554281,https://www.1-chome.com/wineDetail/6454/6454
2026-05-17,G7 X Mark III ブラック,買取一丁目,177500,4549292137743,https://www.1-chome.com/wineDetail/1255/1255
2026-05-17,G7 X Mark III シルバー,買取一丁目,167000,4549292137804,https://www.1-chome.com/wineDetail/1256/1256
2026-05-17,SX740 ブラック,買取一丁目,92000,4549292119008,https://www.1-chome.com/wineDetail/2703/2703
2026-05-17,instax WIDE 400 ブラック,買取一丁目,24400,4547410570632,https://www.1-chome.com/wineDetail/8689/8689
2026-05-17,G7X Mark III 30th Anniversary,買取一丁目,183500,4957792181706,https://www.1-chome.com/wineDetail/8539/8539
2026-05-17,IXY 650 m ブラック,買取一丁目,43500,4549292250954,https://www.1-chome.com/wineDetail/7459/7459
2026-05-17,IXY 650 m シルバー,買取一丁目,43500,4549292250961,https://www.1-chome.com/wineDetail/7460/7460
2026-05-17,IXY 650 ブラック,買取一丁目,45500,4549292057522,https://www.1-chome.com/wineDetail/2719/2719
2026-05-17,IXY 650 シルバー,買取一丁目,45500,4549292057584,https://www.1-chome.com/wineDetail/2718/2718
2026-05-17,PRB-02 THE BEST vol.2,買取一丁目,7000,4582769865206,https://www.1-chome.com/wineDetail/8314/8314
2026-05-17,モンスターハンターストーリーズ3 Switch 2,買取一丁目,6500,4976219137744,https://www.1-chome.com/wineDetail/8418/8418
2026-05-17,Tamagotchi Paradise Blue Water,買取一丁目,5800,4582769733352,https://www.1-chome.com/wineDetail/7882/7882
2026-05-17,Tamagotchi Paradise Jade Forest,買取一丁目,5900,4582769806223,https://www.1-chome.com/wineDetail/7884/7884
2026-05-17,Tamagotchi Paradise Pink Land,買取一丁目,5700,4582769733345,https://www.1-chome.com/wineDetail/7883/7883
2026-05-17,Tamagotchi Paradise Purple Sky,買取一丁目,6000,4582769733369,https://www.1-chome.com/wineDetail/7881/7881
2026-05-18,Switch2 多言語版,買取一丁目,76500,4902370552683,https://www.1-chome.com/wineDetail/7050/7050
2026-05-18,Switch2 国内版マリカーセット,買取一丁目,56000,4902370553031,https://www.1-chome.com/wineDetail/7049/7049
2026-05-18,Switch2 国内版,買取一丁目,50700,4902370553024,https://www.1-chome.com/wineDetail/7048/7048
2026-05-18,Joy-Con 2 ブルー/レッドセット,買取一丁目,8700,4902370552744,https://www.1-chome.com/wineDetail/7052/7052
2026-05-18,Joy-Con 2 パープル/グリーンセット,買取一丁目,8900,4902370553871,https://www.1-chome.com/wineDetail/8378/8378
2026-05-18,Switch2 Proコン,買取一丁目,8700,4902370552843,https://www.1-chome.com/wineDetail/7051/7051
2026-05-18,Alarmo,買取一丁目,10300,4902370552195,https://www.1-chome.com/wineDetail/6154/6154
2026-05-18,Pokemon GO Plus+,買取一丁目,16800,4521329368009,https://www.1-chome.com/wineDetail/5200/5200
2026-05-18,Switch 新型グレー,買取一丁目,35500,4902370551198,https://www.1-chome.com/wineDetail/5020/5020
2026-05-18,Switch 新型ネオン,買取一丁目,35500,4902370550733,https://www.1-chome.com/wineDetail/4567/4567
2026-05-18,Switch 有機白,買取一丁目,45800,4902370548495,https://www.1-chome.com/wineDetail/1827/1827
2026-05-18,Switch 有機ネオン,買取一丁目,49000,4902370548501,https://www.1-chome.com/wineDetail/1826/1826
2026-05-18,Switch Liteブルー,買取一丁目,26400,4902370547672,https://www.1-chome.com/wineDetail/1384/1384
2026-05-18,Switch Liteイエロー,買取一丁目,26400,4902370542936,https://www.1-chome.com/wineDetail/1117/1117
2026-05-18,Switch Liteコーラル,買取一丁目,26400,4902370545302,https://www.1-chome.com/wineDetail/1049/1049
2026-05-18,Switch Liteターコイズ,買取一丁目,26400,4902370542943,https://www.1-chome.com/wineDetail/1118/1118
2026-05-18,Switch Liteグレー,買取一丁目,26400,4902370542929,https://www.1-chome.com/wineDetail/1119/1119
2026-05-18,PS5デジタル,買取一丁目,55000,4948872850599,https://www.1-chome.com/wineDetail/8508/8508
2026-05-18,PlayStation5 Pro,買取一丁目,134500,4948872416320,https://www.1-chome.com/wineDetail/6122/6122
2026-05-18,PS5,買取一丁目,94000,4948872415934,https://www.1-chome.com/wineDetail/5401/5401
2026-05-18,PlayStation VR2,買取一丁目,53500,4948872016490,https://www.1-chome.com/wineDetail/4713/4713
2026-05-18,PlayStation VR2 Horizon同梱版,買取一丁目,53500,4948872016612,https://www.1-chome.com/wineDetail/4714/4714
2026-05-18,リモートプレーヤー,買取一丁目,33000,4948872017084,https://www.1-chome.com/wineDetail/5398/5398
2026-05-18,PS5 ディスクドライブ,買取一丁目,10200,4948872416030,https://www.1-chome.com/wineDetail/5526/5526
2026-05-18,Xbox X,買取一丁目,87000,4549576161617,https://www.1-chome.com/wineDetail/1191/1191
2026-05-18,Xbox X 1TB ホワイト,買取一丁目,77500,4549576247038,https://www.1-chome.com/wineDetail/6021/6021
2026-05-18,Xbox S 1TB ホワイト,買取一丁目,64000,4549576246994,https://www.1-chome.com/wineDetail/6020/6020
2026-05-18,Xbox S,買取一丁目,54500,4549576250632,https://www.1-chome.com/wineDetail/6284/6284
2026-05-18,Meta Quest 3 512,買取一丁目,82500,0815820024170,https://www.1-chome.com/wineDetail/5320/5320
2026-05-18,Meta Quest 3S 128GB,買取一丁目,48500,0815820025238,https://www.1-chome.com/wineDetail/6094/6094
2026-05-18,Meta Quest 3S 256GB,買取一丁目,63500,0815820025290,https://www.1-chome.com/wineDetail/6095/6095
2026-05-18,Steam Deck 有機EL 1TB,買取一丁目,120200,0814585022308,https://www.1-chome.com/wineDetail/5477/5477
2026-05-18,Steam Deck 有機EL 512GB,買取一丁目,106200,0814585022254,https://www.1-chome.com/wineDetail/5476/5476
2026-05-18,Joy-Con 2 L ライトブルー,買取一丁目,3800,4902370552706,https://www.1-chome.com/wineDetail/7054/7054
2026-05-18,Joy-Con 2 R ライトレッド,買取一丁目,3800,4902370552720,https://www.1-chome.com/wineDetail/7053/7053
2026-05-18,Joy-Con 2 充電グリップ,買取一丁目,3000,4902370552829,https://www.1-chome.com/wineDetail/7058/7058
2026-05-18,リングフィット アドベンチャー,買取一丁目,7000,4902370543278,https://www.1-chome.com/wineDetail/989/989
2026-05-18,Switch Proコン,買取一丁目,6300,4902370535730,https://www.1-chome.com/wineDetail/646/646
2026-05-18,Switch Proコン ゼルダ,買取一丁目,6800,4902370550504,https://www.1-chome.com/wineDetail/4974/4974
2026-05-18,Switch Proコン スプラ3,買取一丁目,6800,4902370549560,https://www.1-chome.com/wineDetail/4156/4156
2026-05-18,Joy-Con マリパ4人セット,買取一丁目,10800,4902370551679,https://www.1-chome.com/wineDetail/5441/5441
2026-05-18,Joy-Con マリパセット,買取一丁目,8000,4902370540987,https://www.1-chome.com/wineDetail/6628/6628
2026-05-18,Joy-Con ネオンレッド/ネオンブルー,買取一丁目,7500,4902370536034,https://www.1-chome.com/wineDetail/848/848
2026-05-18,Joy-Con ネオングリーン/ネオンピンク,買取一丁目,7500,4902370537345,https://www.1-chome.com/wineDetail/851/851
2026-05-18,Joy-Con ネオンブルー/ネオンイエロー,買取一丁目,7200,4902370544060,https://www.1-chome.com/wineDetail/1078/1078
2026-05-18,Joy-Con ネオンパープル/ネオンオレンジ,買取一丁目,7500,4902370544077,https://www.1-chome.com/wineDetail/1079/1079
2026-05-18,Joy-Con パステルパープル/パステルグリーン,買取一丁目,7200,4902370551136,https://www.1-chome.com/wineDetail/5103/5103
2026-05-18,Joy-Con パステルピンク/パステルイエロー,買取一丁目,7500,4902370551112,https://www.1-chome.com/wineDetail/5102/5102
2026-05-18,Joy-Con パステルピンク,買取一丁目,7500,4902370552027,https://www.1-chome.com/wineDetail/5608/5608
2026-05-18,Joy-Con グレー/グレー,買取一丁目,6500,4902370536003,https://www.1-chome.com/wineDetail/6616/6616
2026-05-18,Joy-Con ネオンイエロー,買取一丁目,6500,4902370536515,https://www.1-chome.com/wineDetail/6617/6617
2026-05-18,Joy-Con レッド,買取一丁目,6500,4902370537703,https://www.1-chome.com/wineDetail/6618/6618
2026-05-18,マリオパーティ ジャンボリー,買取一丁目,5400,4902370552430,https://www.1-chome.com/wineDetail/6048/6048
2026-05-18,PS5 It Takes Two,買取一丁目,3000,4938833024404,https://www.1-chome.com/wineDetail/4606/4606
2026-05-18,ゼルダ 知恵のかりもの,買取一丁目,4700,4902370552409,https://www.1-chome.com/wineDetail/6034/6034
2026-05-18,ゼルダ ティアーズ オブ ザ キングダム,買取一丁目,6000,4902370550979,https://www.1-chome.com/wineDetail/4977/4977
2026-05-18,ゼノブレイドクロス Switch 2,買取一丁目,5000,4902370552935,https://www.1-chome.com/wineDetail/6839/6839
2026-05-18,Pokemon LEGENDS Z-A Switch,買取一丁目,4800,4902370553550,https://www.1-chome.com/wineDetail/7714/7714
2026-05-18,トモダチコレクション Switch,買取一丁目,6000,4902370553963,https://www.1-chome.com/wineDetail/8505/8505
2026-05-18,PS5 プラグマタ,買取一丁目,6500,4976219137812,https://www.1-chome.com/wineDetail/8534/8534
2026-05-18,マリオカート ワールド ソフト,買取一丁目,8200,4902370553260,https://www.1-chome.com/wineDetail/7067/7067
2026-05-18,モンスターハンターストーリーズ3 Switch 2,買取一丁目,6400,4976219137744,https://www.1-chome.com/wineDetail/8418/8418
2026-05-18,Pokemon LEGENDS Z-A Switch 2,買取一丁目,5500,4902370553574,https://www.1-chome.com/wineDetail/7715/7715
2026-05-18,PS5 Split Fiction,買取一丁目,3500,4938833024800,https://www.1-chome.com/wineDetail/7070/7070
2026-05-18,PS5 Ghost of Yotei,買取一丁目,94000,4948872850391,https://www.1-chome.com/wineDetail/7452/7452
2026-05-18,DualSense ホワイト,買取一丁目,9300,4948872414975,https://www.1-chome.com/wineDetail/1186/1186
2026-05-18,DualSense ブラック,買取一丁目,9300,4948872415163,https://www.1-chome.com/wineDetail/1396/1396
2026-05-18,DualSense レッド,買取一丁目,9300,4948872415187,https://www.1-chome.com/wineDetail/1397/1397
2026-05-18,DualSense パープル,買取一丁目,9300,4948872415279,https://www.1-chome.com/wineDetail/2087/2087
2026-05-18,DualSense ブルー,買取一丁目,9300,4948872415286,https://www.1-chome.com/wineDetail/2089/2089
2026-05-18,DualSense ピンク,買取一丁目,9300,4948872415293,https://www.1-chome.com/wineDetail/2088/2088
2026-05-18,DualSense グレー カモフラージュ,買取一丁目,9300,4948872415682,https://www.1-chome.com/wineDetail/4436/4436
2026-05-18,DualSense シルバー,買取一丁目,9300,4948872415644,https://www.1-chome.com/wineDetail/5396/5396
2026-05-18,DualSense ヴォルカニック レッド,買取一丁目,9300,4948872415668,https://www.1-chome.com/wineDetail/5397/5397
2026-05-18,DualSense コバルト ブルー,買取一丁目,9300,4948872416139,https://www.1-chome.com/wineDetail/5395/5395
2026-05-18,DualSense クロマ グリーン,買取一丁目,9300,4948872416412,https://www.1-chome.com/wineDetail/6135/6135
2026-05-18,DualSense インディゴ,買取一丁目,9300,4948872416399,https://www.1-chome.com/wineDetail/6134/6134
2026-05-18,DualSense クロマ パール,買取一丁目,9300,4948872416375,https://www.1-chome.com/wineDetail/6136/6136
2026-05-18,DualSense モンスターハンターワイルズ,買取一丁目,9500,4948872416726,https://www.1-chome.com/wineDetail/6343/6343
2026-05-18,DualSense Marathon,買取一丁目,9500,4948872417167,https://www.1-chome.com/wineDetail/8350/8350
2026-05-18,DualSense ゴッド・オブ・ウォー 20th,買取一丁目,9800,4948872416948,https://www.1-chome.com/wineDetail/7785/7785
2026-05-18,DualSense フォートナイ,買取一丁目,10000,4948872416702,https://www.1-chome.com/wineDetail/6137/6137
2026-05-18,DualSense アストロボット,買取一丁目,9000,4948872417051,https://www.1-chome.com/wineDetail/7792/7792
2026-05-18,DualSense Ghost of Yotei ゴールド,買取一丁目,9600,4948872416801,https://www.1-chome.com/wineDetail/7454/7454
2026-05-18,DualSense Ghost of Yotei ブラック,買取一丁目,9600,4948872416788,https://www.1-chome.com/wineDetail/7453/7453
2026-05-18,DualSense 原神,買取一丁目,9500,4948872417457,https://www.1-chome.com/wineDetail/8085/8085
2026-05-18,DualSense ロボット,買取一丁目,10500,4948872416306,https://www.1-chome.com/wineDetail/5959/5959
2026-05-18,DualSense Spider-Man 2,買取一丁目,14000,4948872416016,https://www.1-chome.com/wineDetail/5212/5212
2026-05-18,DualSense FINAL FANTASY,買取一丁目,10000,4948872016704,https://www.1-chome.com/wineDetail/5063/5063
2026-05-18,DualSense 30周年,買取一丁目,10400,4948872416467,https://www.1-chome.com/wineDetail/6118/6118
2026-05-18,DualSense ゴッド・オブ・ウォー,買取一丁目,10000,4948872415620,https://www.1-chome.com/wineDetail/4437/4437
2026-05-18,DualSense テクノ レッド,買取一丁目,9500,4948872417143,https://www.1-chome.com/wineDetail/8348/8348
2026-05-18,DualSense リミックス グリーン,買取一丁目,9500,4948872417129,https://www.1-chome.com/wineDetail/8349/8349
2026-05-18,DualSense リズム ブルー,買取一丁目,9500,4948872417105,https://www.1-chome.com/wineDetail/8347/8347
2026-05-18,DualSense ミッドナイト ブラック USB,買取一丁目,9800,4948872850704,https://www.1-chome.com/wineDetail/8375/8375
2026-05-18,モンスターハンターストーリーズ3 Switch,買取一丁目,6400,4976219137737,https://www.1-chome.com/wineDetail/8417/8417
2026-05-18,Meta Quest 3 128,買取一丁目,63000,0815820024149,https://www.1-chome.com/wineDetail/5319/5319
2026-05-18,X100VI ブラック（新）,買取一丁目,274500,4547410554267,https://www.1-chome.com/wineDetail/6455/6455
2026-05-18,X100VI シルバー（新）,買取一丁目,273000,4547410554281,https://www.1-chome.com/wineDetail/6454/6454
2026-05-18,Nikon Z50II ダブルズームキット,買取一丁目,158500,4960759916921,https://www.1-chome.com/wineDetail/6322/6322
2026-05-18,OM SYSTEM PEN E-P7,買取一丁目,82200,4545350055844,https://www.1-chome.com/wineDetail/5481/5481
2026-05-18,G7 X Mark II,買取一丁目,167000,4549292056389,https://www.1-chome.com/wineDetail/108/108
2026-05-18,SX740 シルバー,買取一丁目,87800,4549292119060,https://www.1-chome.com/wineDetail/870/870
2026-05-18,PowerShot V10,買取一丁目,43000,4957792163740,https://www.1-chome.com/wineDetail/5178/5178
2026-05-18,G7 X Mark III ブラック,買取一丁目,177500,4549292137743,https://www.1-chome.com/wineDetail/1255/1255
2026-05-18,G7 X Mark III シルバー,買取一丁目,167000,4549292137804,https://www.1-chome.com/wineDetail/1256/1256
2026-05-18,SX740 ブラック,買取一丁目,92300,4549292119008,https://www.1-chome.com/wineDetail/2703/2703
2026-05-18,LUMIX DC-TZ99 ホワイト,買取一丁目,65000,4549980888254,https://www.1-chome.com/wineDetail/6842/6842
2026-05-18,LUMIX DC-TZ99 ブラック,買取一丁目,66000,4549980888247,https://www.1-chome.com/wineDetail/6841/6841
2026-05-18,RICOH GR IIIx,買取一丁目,189700,4549212303739,https://www.1-chome.com/wineDetail/1910/1910
2026-05-18,RICOH GR III,買取一丁目,174700,4549212300202,https://www.1-chome.com/wineDetail/856/856
2026-05-18,RICOH GR III Diary Edition,買取一丁目,181500,4549212305863,https://www.1-chome.com/wineDetail/5315/5315
2026-05-18,RICOH GR IIIx Urban Edition,買取一丁目,184500,4549212304507,https://www.1-chome.com/wineDetail/5267/5267
2026-05-18,RICOH GR IV,買取一丁目,242200,4549212311291,https://www.1-chome.com/wineDetail/7469/7469
2026-05-18,Tamron 28-75 G2 ソニーE,買取一丁目,89500,4960371006796,https://www.1-chome.com/wineDetail/2742/2742
2026-05-18,instax mini 13 ホワイト,買取一丁目,14300,4547410564662,https://www.1-chome.com/wineDetail/8688/8688
2026-05-18,instax mini 13 ブルー,買取一丁目,14300,4547410564631,https://www.1-chome.com/wineDetail/8686/8686
2026-05-18,instax mini 13 ピンク,買取一丁目,14300,4547410564648,https://www.1-chome.com/wineDetail/8684/8684
2026-05-18,instax mini 13 グリーン,買取一丁目,14300,4547410564655,https://www.1-chome.com/wineDetail/8687/8687
2026-05-18,instax mini 13 パープル,買取一丁目,14300,4547410564679,https://www.1-chome.com/wineDetail/8685/8685
2026-05-18,instax mini 12 ピンク,買取一丁目,12200,4547410489125,https://www.1-chome.com/wineDetail/5696/5696
2026-05-18,instax mini 40,買取一丁目,17600,4547410449341,https://www.1-chome.com/wineDetail/2812/2812
2026-05-18,instax mini 99,買取一丁目,26600,4547410529845,https://www.1-chome.com/wineDetail/5724/5724
2026-05-18,instax mini Evo 茶,買取一丁目,27500,4547410520125,https://www.1-chome.com/wineDetail/5194/5194
2026-05-18,instax mini Evo 黒,買取一丁目,25200,4547410520088,https://www.1-chome.com/wineDetail/5193/5193
2026-05-18,instax mini Evo PINK,買取一丁目,53500,4547410555844,https://www.1-chome.com/wineDetail/6404/6404
2026-05-18,instax mini Evo GENTLE ROSE,買取一丁目,31300,4547410564334,https://www.1-chome.com/wineDetail/7810/7810
2026-05-18,instax SQUARE SQ1 ホワイト,買取一丁目,21000,4547410441536,https://www.1-chome.com/wineDetail/5802/5802
2026-05-18,instax SQUARE SQ1 ブルー,買取一丁目,21000,4547410441529,https://www.1-chome.com/wineDetail/5804/5804
2026-05-18,instax SQUARE SQ1 オレンジ,買取一丁目,21000,4547410441512,https://www.1-chome.com/wineDetail/5803/5803
2026-05-18,instax SQUARE SQ40 ブラック,買取一丁目,20700,4547410511178,https://www.1-chome.com/wineDetail/5620/5620
2026-05-18,instax WIDE 400 ブラック,買取一丁目,24400,4547410570632,https://www.1-chome.com/wineDetail/8689/8689
2026-05-18,instax WIDE 400 グリーン,買取一丁目,23800,4547410529975,https://www.1-chome.com/wineDetail/5899/5899
2026-05-18,instax WIDE Evo,買取一丁目,38000,4547410543360,https://www.1-chome.com/wineDetail/6419/6419
2026-05-18,チェキフィルム 1P,買取一丁目,1460,4547410377224,https://www.1-chome.com/wineDetail/4871/4871
2026-05-18,チェキフィルム 2P,買取一丁目,3000,4547410377231,https://www.1-chome.com/wineDetail/4870/4870
2026-05-18,写ルンです（新パッケージ）,買取一丁目,2720,4547410369137,https://www.1-chome.com/wineDetail/5044/5044
2026-05-18,instax SQUARE フィルム WW1,買取一丁目,1400,4547410348613,https://www.1-chome.com/wineDetail/5782/5782
2026-05-18,instax SQUARE フィルム WW2,買取一丁目,2720,4547410370003,https://www.1-chome.com/wineDetail/5627/5627
2026-05-18,X-T30 レンズキット,買取一丁目,130000,4547410538304,https://www.1-chome.com/wineDetail/5541/5541
2026-05-18,PowerShot G1 X Mark III,買取一丁目,95000,4549292100723,https://www.1-chome.com/wineDetail/2705/2705
2026-05-18,X100VI シルバー（旧）,買取一丁目,293000,4547410528282,https://www.1-chome.com/wineDetail/5617/5617
2026-05-18,X100VI ブラック（旧）,買取一丁目,286500,4547410529494,https://www.1-chome.com/wineDetail/5618/5618
2026-05-18,Nikon Z50II ボディ,買取一丁目,111500,4960759916761,https://www.1-chome.com/wineDetail/6825/6825
2026-05-18,Nikon Z50II 16-50 VRキット,買取一丁目,126000,4960759916846,https://www.1-chome.com/wineDetail/6892/6892
2026-05-18,Nikon Z50II 18-140 VRキット,買取一丁目,153500,4960759917003,https://www.1-chome.com/wineDetail/6893/6893
2026-05-18,G7X Mark III 30th Anniversary,買取一丁目,181000,4957792181706,https://www.1-chome.com/wineDetail/8539/8539
2026-05-18,IXY 650 m ブラック,買取一丁目,43500,4549292250954,https://www.1-chome.com/wineDetail/7459/7459
2026-05-18,IXY 650 m シルバー,買取一丁目,43500,4549292250961,https://www.1-chome.com/wineDetail/7460/7460
2026-05-18,SX70,買取一丁目,126700,4549292119183,https://www.1-chome.com/wineDetail/865/865
2026-05-18,PowerShot V1,買取一丁目,10000,4549292228090,https://www.1-chome.com/wineDetail/6896/6896
2026-05-18,IXY 650 ブラック,買取一丁目,45500,4549292057522,https://www.1-chome.com/wineDetail/2719/2719
2026-05-18,IXY 650 シルバー,買取一丁目,45500,4549292057584,https://www.1-chome.com/wineDetail/2718/2718
2026-05-18,RICOH GR IV Monochrome,買取一丁目,233500,4549212311994,https://www.1-chome.com/wineDetail/7975/7975
2026-05-18,NIKKOR Z DX 50-250mm,買取一丁目,36300,4960759900340,https://www.1-chome.com/wineDetail/4633/4633
2026-05-18,Sigma 28-70mm F2.8,買取一丁目,80200,85126592653,https://www.1-chome.com/wineDetail/3936/3936
2026-05-18,Tamron 18-300 フジ,買取一丁目,58000,4960371006772,https://www.1-chome.com/wineDetail/2778/2778
2026-05-18,Tamron 28-200,買取一丁目,65000,4960371006703,https://www.1-chome.com/wineDetail/2763/2763
2026-05-18,Tamron 18-300 ソニーE,買取一丁目,55000,4960371006765,https://www.1-chome.com/wineDetail/2779/2779
2026-05-18,Tamron 18-300 ニコンZ,買取一丁目,62200,4960371007007,https://www.1-chome.com/wineDetail/8058/8058
2026-05-18,Tamron 25-200,買取一丁目,88500,4960371007014,https://www.1-chome.com/wineDetail/7858/7858
2026-05-18,Tamron 28-300,買取一丁目,95500,4960371006925,https://www.1-chome.com/wineDetail/7319/7319
2026-05-18,Tamron 28-75 G2 ニコンZ,買取一丁目,91000,4960371006901,https://www.1-chome.com/wineDetail/5865/5865
2026-05-18,instax mini 90 黒,買取一丁目,43500,4547410260649,https://www.1-chome.com/wineDetail/2826/2826
2026-05-18,instax mini 90 茶,買取一丁目,43500,4547410269307,https://www.1-chome.com/wineDetail/2824/2824
2026-05-18,instax mini Evo Cinema,買取一丁目,41000,4547410562293,https://www.1-chome.com/wineDetail/8217/8217
2026-05-18,instax WIDE フィルム 10枚,買取一丁目,1410,4547410173765,https://www.1-chome.com/wineDetail/5910/5910
2026-05-18,instax WIDE フィルム 20枚,買取一丁目,2920,4547410173772,https://www.1-chome.com/wineDetail/5909/5909
2026-05-18,instax WIDE フィルム 50枚,買取一丁目,6280,4547410173789,https://www.1-chome.com/wineDetail/5908/5908
2026-05-18,instax mini フィルム PASTEL GALAXY,買取一丁目,1550,4547410570014,https://www.1-chome.com/wineDetail/8588/8588
2026-05-18,ニンジャスピナー,買取一丁目,12000,4521329432786,https://www.1-chome.com/wineDetail/8420/8420
2026-05-18,ムニキスゼロ,買取一丁目,8500,4521329432274,https://www.1-chome.com/wineDetail/8026/8026
2026-05-18,MEGAドリームex,買取一丁目,16700,4521329431932,https://www.1-chome.com/wineDetail/7847/7847
2026-05-18,インフェルノX,買取一丁目,25500,4521329431529,https://www.1-chome.com/wineDetail/7553/7553
2026-05-18,メガブレイブ,買取一丁目,13000,‎4521329431161,https://www.1-chome.com/wineDetail/7252/7252
2026-05-18,メガシンフォニア,買取一丁目,10000,4521329431185,https://www.1-chome.com/wineDetail/7253/7253
2026-05-18,ブラックボルト,買取一丁目,25200,4521329427768,https://www.1-chome.com/wineDetail/7087/7087
2026-05-18,ホワイトフレア,買取一丁目,23000,4521329427782,https://www.1-chome.com/wineDetail/7088/7088
2026-05-18,ロケット団の栄光,買取一丁目,29000,4521329374659,https://www.1-chome.com/wineDetail/6891/6891
2026-05-18,熱風のアリーナ,買取一丁目,22000,4521329374758,https://www.1-chome.com/wineDetail/6834/6834
2026-05-18,バトルパートナーズ,買取一丁目,10700,4521329362649,https://www.1-chome.com/wineDetail/6407/6407
2026-05-18,テラスタルフェスex,買取一丁目,22300,4521329362342,https://www.1-chome.com/wineDetail/6408/6408
2026-05-18,超電ブレイカー,買取一丁目,38500,4521329361505,https://www.1-chome.com/wineDetail/6409/6409
2026-05-18,楽園ドラゴーナ,買取一丁目,20500,4521329361352,https://www.1-chome.com/wineDetail/6410/6410
2026-05-18,ステラミラクル,買取一丁目,11400,4521329361000,https://www.1-chome.com/wineDetail/6411/6411
2026-05-18,ナイトワンダラー,買取一丁目,11400,4521329362496,https://www.1-chome.com/wineDetail/6412/6412
2026-05-18,変幻の仮面,買取一丁目,14000,4521329362526,https://www.1-chome.com/wineDetail/6413/6413
2026-05-18,クリムゾンヘイズ,買取一丁目,15300,4521329361239,https://www.1-chome.com/wineDetail/6414/6414
2026-05-18,ワイルドフォース,買取一丁目,13600,4521329394831,https://www.1-chome.com/wineDetail/6416/6416
2026-05-18,サイバージャッジ,買取一丁目,10800,4521329394848,https://www.1-chome.com/wineDetail/6415/6415
2026-05-18,シャイニートレジャーex,買取一丁目,19500,4521329394824,https://www.1-chome.com/wineDetail/5484/5484
2026-05-18,古代の咆哮,買取一丁目,10800,4521329394732,https://www.1-chome.com/wineDetail/5436/5436
2026-05-18,未来の一閃,買取一丁目,10500,4521329394756,https://www.1-chome.com/wineDetail/6417/6417
2026-05-18,レイジングサーフ,買取一丁目,13500,4521329391397,https://www.1-chome.com/wineDetail/5305/5305
2026-05-18,黒炎の支配者,買取一丁目,23500,4521329346014,https://www.1-chome.com/wineDetail/5210/5210
2026-05-18,ポケモンカード151,買取一丁目,64000,4521329346038,https://www.1-chome.com/wineDetail/5143/5143
2026-05-18,クレイバースト,買取一丁目,13500,4521329346182,https://www.1-chome.com/wineDetail/5015/5015
2026-05-18,スノーハザード,買取一丁目,11100,4521329346229,https://www.1-chome.com/wineDetail/5016/5016
2026-05-18,トリプレットビート,買取一丁目,18500,4521329346274,https://www.1-chome.com/wineDetail/4840/4840
2026-05-18,バイオレットex,買取一丁目,10500,4521329373539,https://www.1-chome.com/wineDetail/4841/4841
2026-05-18,スカーレットex,買取一丁目,13000,4521329373515,https://www.1-chome.com/wineDetail/4842/4842
2026-05-18,VSTARユニバース,買取一丁目,35000,4521329373362,https://www.1-chome.com/wineDetail/4839/4839
2026-05-18,OP-15 神の島の冒険,買取一丁目,10600,4582769966002,https://www.1-chome.com/wineDetail/8399/8399
2026-05-18,EB-04 EGGHEAD CRISIS,買取一丁目,9500,4582769937620,https://www.1-chome.com/wineDetail/8228/8228
2026-05-18,OP-14 蒼海の七傑,買取一丁目,11500,4582769922978,https://www.1-chome.com/wineDetail/8005/8005
2026-05-18,EB-03 Heroines Edition,買取一丁目,15500,4582769865220,https://www.1-chome.com/wineDetail/7816/7816
2026-05-18,OP-13 受け継がれる意志,買取一丁目,24000,4582769865213,https://www.1-chome.com/wineDetail/7817/7817
2026-05-18,OP-12 師弟の絆,買取一丁目,13000,4582769796838,https://www.1-chome.com/wineDetail/8004/8004
2026-05-18,OP-11 神速の拳,買取一丁目,26000,4582769774683,https://www.1-chome.com/wineDetail/8002/8002
2026-05-18,OP-10 王族の血統,買取一丁目,10700,4582769707384,https://www.1-chome.com/wineDetail/8003/8003
2026-05-18,PRB-01 THE BEST,買取一丁目,17400,4570118259509,https://www.1-chome.com/wineDetail/8313/8313
2026-05-18,PRB-02 THE BEST vol.2,買取一丁目,7000,4582769865206,https://www.1-chome.com/wineDetail/8314/8314
2026-05-18,Tamagotchi Paradise Blue Water,買取一丁目,5800,4582769733352,https://www.1-chome.com/wineDetail/7882/7882
2026-05-18,Tamagotchi Paradise Jade Forest,買取一丁目,5900,4582769806223,https://www.1-chome.com/wineDetail/7884/7884
2026-05-18,Tamagotchi Paradise Pink Land,買取一丁目,5700,4582769733345,https://www.1-chome.com/wineDetail/7883/7883
2026-05-18,Tamagotchi Paradise Purple Sky,買取一丁目,6000,4582769733369,https://www.1-chome.com/wineDetail/7881/7881
2026-05-18,Switch2 Proコン,ヤフオク 最安,7850,,https://auctions.yahoo.co.jp/jp/auction/h1229859237
2026-05-18,Switch2 Proコン,ヤフオク 平均,8244,,https://auctions.yahoo.co.jp/jp/auction/h1229859237
2026-05-18,Switch2 Proコン,ヤフオク 最高,8505,,https://auctions.yahoo.co.jp/jp/auction/h1229859237
2026-05-18,Switch Liteグレー,ヤフオク 最安,25840,,https://auctions.yahoo.co.jp/jp/auction/q1230234564
2026-05-18,Switch Liteグレー,ヤフオク 平均,26902,,https://auctions.yahoo.co.jp/jp/auction/q1230234564
2026-05-18,Switch Liteグレー,ヤフオク 最高,28166,,https://auctions.yahoo.co.jp/jp/auction/q1230234564
2026-05-18,Switch Liteコーラル,ヤフオク 最安,26510,,https://auctions.yahoo.co.jp/jp/auction/j1230239610
2026-05-18,Switch Liteコーラル,ヤフオク 平均,27400,,https://auctions.yahoo.co.jp/jp/auction/j1230239610
2026-05-18,Switch Liteコーラル,ヤフオク 最高,29024,,https://auctions.yahoo.co.jp/jp/auction/j1230239610
2026-05-18,Switch Liteターコイズ,ヤフオク 最安,25000,,https://auctions.yahoo.co.jp/jp/auction/q1230148171
2026-05-18,Switch Liteターコイズ,ヤフオク 平均,25759,,https://auctions.yahoo.co.jp/jp/auction/q1230148171
2026-05-18,Switch Liteターコイズ,ヤフオク 最高,26277,,https://auctions.yahoo.co.jp/jp/auction/q1230148171
2026-05-18,PlayStation5 Pro,ヤフオク 最安,1234,,https://auctions.yahoo.co.jp/jp/auction/t1229923676
2026-05-18,PlayStation5 Pro,ヤフオク 平均,108546,,https://auctions.yahoo.co.jp/jp/auction/t1229923676
2026-05-18,PlayStation5 Pro,ヤフオク 最高,138820,,https://auctions.yahoo.co.jp/jp/auction/t1229923676
2026-05-18,PS5デジタル,ヤフオク 最安,9200,,https://auctions.yahoo.co.jp/jp/auction/w1230026005
2026-05-18,PS5デジタル,ヤフオク 平均,50434,,https://auctions.yahoo.co.jp/jp/auction/w1230026005
2026-05-18,PS5デジタル,ヤフオク 最高,81000,,https://auctions.yahoo.co.jp/jp/auction/w1230026005
2026-05-18,PS5,ヤフオク 最安,43760,,https://auctions.yahoo.co.jp/jp/auction/w1229921283
2026-05-18,PS5,ヤフオク 平均,83508,,https://auctions.yahoo.co.jp/jp/auction/w1229921283
2026-05-18,PS5,ヤフオク 最高,138820,,https://auctions.yahoo.co.jp/jp/auction/w1229921283
2026-05-18,PlayStation VR2,ヤフオク 最安,40000,,https://auctions.yahoo.co.jp/jp/auction/r1229789501
2026-05-18,PlayStation VR2,ヤフオク 平均,43000,,https://auctions.yahoo.co.jp/jp/auction/r1229789501
2026-05-18,PlayStation VR2,ヤフオク 最高,46000,,https://auctions.yahoo.co.jp/jp/auction/r1229789501
2026-05-18,リモートプレーヤー,ヤフオク 最安,32951,,https://auctions.yahoo.co.jp/jp/auction/k1229494102
2026-05-18,リモートプレーヤー,ヤフオク 平均,33816,,https://auctions.yahoo.co.jp/jp/auction/k1229494102
2026-05-18,リモートプレーヤー,ヤフオク 最高,34680,,https://auctions.yahoo.co.jp/jp/auction/k1229494102
2026-05-18,Xbox X,ヤフオク 最安,4000,,https://auctions.yahoo.co.jp/jp/auction/d1229798670
2026-05-18,Xbox X,ヤフオク 平均,42904,,https://auctions.yahoo.co.jp/jp/auction/d1229798670
2026-05-18,Xbox X,ヤフオク 最高,81808,,https://auctions.yahoo.co.jp/jp/auction/d1229798670
2026-05-18,Xbox S,ヤフオク 最安,63999,,https://auctions.yahoo.co.jp/jp/auction/g1227462957
2026-05-18,Xbox S,ヤフオク 平均,63999,,https://auctions.yahoo.co.jp/jp/auction/g1227462957
2026-05-18,Xbox S,ヤフオク 最高,63999,,https://auctions.yahoo.co.jp/jp/auction/g1227462957
2026-05-18,Meta Quest 3 512,ヤフオク 最安,90000,,https://auctions.yahoo.co.jp/jp/auction/m1229227897
2026-05-18,Meta Quest 3 512,ヤフオク 平均,90000,,https://auctions.yahoo.co.jp/jp/auction/m1229227897
2026-05-18,Meta Quest 3 512,ヤフオク 最高,90000,,https://auctions.yahoo.co.jp/jp/auction/m1229227897
2026-05-18,Meta Quest 3S 128GB,ヤフオク 最安,48950,,https://auctions.yahoo.co.jp/jp/auction/k1229095758
2026-05-18,Meta Quest 3S 128GB,ヤフオク 平均,49483,,https://auctions.yahoo.co.jp/jp/auction/k1229095758
2026-05-18,Meta Quest 3S 128GB,ヤフオク 最高,50000,,https://auctions.yahoo.co.jp/jp/auction/k1229095758
2026-05-18,Pokemon GO Plus+,ヤフオク 最安,11000,,https://auctions.yahoo.co.jp/jp/auction/p1230306680
2026-05-18,Pokemon GO Plus+,ヤフオク 平均,15476,,https://auctions.yahoo.co.jp/jp/auction/p1230306680
2026-05-18,Pokemon GO Plus+,ヤフオク 最高,18480,,https://auctions.yahoo.co.jp/jp/auction/p1230306680
2026-05-18,PS5 ディスクドライブ,ヤフオク 最安,59200,,https://auctions.yahoo.co.jp/jp/auction/m1230053072
2026-05-18,PS5 ディスクドライブ,ヤフオク 平均,59200,,https://auctions.yahoo.co.jp/jp/auction/m1230053072
2026-05-18,PS5 ディスクドライブ,ヤフオク 最高,59200,,https://auctions.yahoo.co.jp/jp/auction/m1230053072
2026-05-18,DualSense 原神,ヤフオク 最安,10000,,https://auctions.yahoo.co.jp/jp/auction/b1230026623
2026-05-18,DualSense 原神,ヤフオク 平均,10000,,https://auctions.yahoo.co.jp/jp/auction/b1230026623
2026-05-18,DualSense 原神,ヤフオク 最高,10000,,https://auctions.yahoo.co.jp/jp/auction/b1230026623
2026-05-18,DualSense ブルー,ヤフオク 最安,8500,,https://auctions.yahoo.co.jp/jp/auction/e1227792457
2026-05-18,DualSense ブルー,ヤフオク 平均,8500,,https://auctions.yahoo.co.jp/jp/auction/e1227792457
2026-05-18,DualSense ブルー,ヤフオク 最高,8500,,https://auctions.yahoo.co.jp/jp/auction/e1227792457
2026-05-18,DualSense ホワイト,ヤフオク 最安,7500,,https://auctions.yahoo.co.jp/jp/auction/t1229194928
2026-05-18,DualSense ホワイト,ヤフオク 平均,7500,,https://auctions.yahoo.co.jp/jp/auction/t1229194928
2026-05-18,DualSense ホワイト,ヤフオク 最高,7500,,https://auctions.yahoo.co.jp/jp/auction/t1229194928
2026-05-18,Switch Proコン スプラ3,ヤフオク 最安,6500,,https://auctions.yahoo.co.jp/jp/auction/t1228596243
2026-05-18,Switch Proコン スプラ3,ヤフオク 平均,6750,,https://auctions.yahoo.co.jp/jp/auction/t1228596243
2026-05-18,Switch Proコン スプラ3,ヤフオク 最高,6999,,https://auctions.yahoo.co.jp/jp/auction/t1228596243
2026-05-18,Switch Proコン,ヤフオク 最安,5250,,https://auctions.yahoo.co.jp/jp/auction/c1226378022
2026-05-18,Switch Proコン,ヤフオク 平均,7482,,https://auctions.yahoo.co.jp/jp/auction/c1226378022
2026-05-18,Switch Proコン,ヤフオク 最高,10000,,https://auctions.yahoo.co.jp/jp/auction/c1226378022
2026-05-18,PS5 Ghost of Yotei,ヤフオク 最安,5000,,https://auctions.yahoo.co.jp/jp/auction/s1229786114
2026-05-18,PS5 Ghost of Yotei,ヤフオク 平均,37082,,https://auctions.yahoo.co.jp/jp/auction/s1229786114
2026-05-18,PS5 Ghost of Yotei,ヤフオク 最高,99000,,https://auctions.yahoo.co.jp/jp/auction/s1229786114
2026-05-18,PS5 プラグマタ,ヤフオク 最安,1000,,https://auctions.yahoo.co.jp/jp/auction/p1230061315
2026-05-18,PS5 プラグマタ,ヤフオク 平均,4683,,https://auctions.yahoo.co.jp/jp/auction/p1230061315
2026-05-18,PS5 プラグマタ,ヤフオク 最高,7000,,https://auctions.yahoo.co.jp/jp/auction/p1230061315
2026-05-18,Pokemon LEGENDS Z-A Switch 2,ヤフオク 最安,4730,,https://auctions.yahoo.co.jp/jp/auction/c1229192834
2026-05-18,Pokemon LEGENDS Z-A Switch 2,ヤフオク 平均,4730,,https://auctions.yahoo.co.jp/jp/auction/c1229192834
2026-05-18,Pokemon LEGENDS Z-A Switch 2,ヤフオク 最高,4730,,https://auctions.yahoo.co.jp/jp/auction/c1229192834
2026-05-18,Pokemon LEGENDS Z-A Switch,ヤフオク 最安,3200,,https://auctions.yahoo.co.jp/jp/auction/c1230145152
2026-05-18,Pokemon LEGENDS Z-A Switch,ヤフオク 平均,4371,,https://auctions.yahoo.co.jp/jp/auction/c1230145152
2026-05-18,Pokemon LEGENDS Z-A Switch,ヤフオク 最高,5750,,https://auctions.yahoo.co.jp/jp/auction/c1230145152
2026-05-18,ゼルダ ティアーズ オブ ザ キングダム,ヤフオク 最安,2000,,https://auctions.yahoo.co.jp/jp/auction/c1226378022
2026-05-18,ゼルダ ティアーズ オブ ザ キングダム,ヤフオク 平均,16956,,https://auctions.yahoo.co.jp/jp/auction/c1226378022
2026-05-18,ゼルダ ティアーズ オブ ザ キングダム,ヤフオク 最高,52101,,https://auctions.yahoo.co.jp/jp/auction/c1226378022
2026-05-18,ゼルダ 知恵のかりもの,ヤフオク 最安,580,,https://auctions.yahoo.co.jp/jp/auction/h1171279834
2026-05-18,ゼルダ 知恵のかりもの,ヤフオク 平均,630,,https://auctions.yahoo.co.jp/jp/auction/h1171279834
2026-05-18,ゼルダ 知恵のかりもの,ヤフオク 最高,680,,https://auctions.yahoo.co.jp/jp/auction/h1171279834
2026-05-18,リングフィット アドベンチャー,ヤフオク 最安,5550,,https://auctions.yahoo.co.jp/jp/auction/1229676693
2026-05-18,リングフィット アドベンチャー,ヤフオク 平均,5550,,https://auctions.yahoo.co.jp/jp/auction/1229676693
2026-05-18,リングフィット アドベンチャー,ヤフオク 最高,5550,,https://auctions.yahoo.co.jp/jp/auction/1229676693
2026-05-18,マリオパーティ ジャンボリー,ヤフオク 最安,4955,,https://auctions.yahoo.co.jp/jp/auction/b1229755730
2026-05-18,マリオパーティ ジャンボリー,ヤフオク 平均,6244,,https://auctions.yahoo.co.jp/jp/auction/b1229755730
2026-05-18,マリオパーティ ジャンボリー,ヤフオク 最高,12800,,https://auctions.yahoo.co.jp/jp/auction/b1229755730
2026-05-18,ゼノブレイドクロス Switch 2,ヤフオク 最安,4500,,https://auctions.yahoo.co.jp/jp/auction/h1230001312
2026-05-18,ゼノブレイドクロス Switch 2,ヤフオク 平均,5904,,https://auctions.yahoo.co.jp/jp/auction/h1230001312
2026-05-18,ゼノブレイドクロス Switch 2,ヤフオク 最高,6550,,https://auctions.yahoo.co.jp/jp/auction/h1230001312
2026-05-18,トモダチコレクション Switch,ヤフオク 最安,2000,,https://auctions.yahoo.co.jp/jp/auction/d1230229503
2026-05-18,トモダチコレクション Switch,ヤフオク 平均,6332,,https://auctions.yahoo.co.jp/jp/auction/d1230229503
2026-05-18,トモダチコレクション Switch,ヤフオク 最高,7250,,https://auctions.yahoo.co.jp/jp/auction/d1230229503
2026-05-18,モンスターハンターストーリーズ3 Switch,ヤフオク 最安,6226,,https://auctions.yahoo.co.jp/jp/auction/p1229934750
2026-05-18,モンスターハンターストーリーズ3 Switch,ヤフオク 平均,6551,,https://auctions.yahoo.co.jp/jp/auction/p1229934750
2026-05-18,モンスターハンターストーリーズ3 Switch,ヤフオク 最高,7250,,https://auctions.yahoo.co.jp/jp/auction/p1229934750
2026-05-18,マリオカート ワールド ソフト,ヤフオク 最安,7000,,https://auctions.yahoo.co.jp/jp/auction/o1229763412
2026-05-18,マリオカート ワールド ソフト,ヤフオク 平均,7863,,https://auctions.yahoo.co.jp/jp/auction/o1229763412
2026-05-18,マリオカート ワールド ソフト,ヤフオク 最高,8633,,https://auctions.yahoo.co.jp/jp/auction/o1229763412
2026-05-18,instax mini 13 グリーン,ヤフオク 最安,1000,,https://auctions.yahoo.co.jp/jp/auction/d1229659482
2026-05-18,instax mini 13 グリーン,ヤフオク 平均,1000,,https://auctions.yahoo.co.jp/jp/auction/d1229659482
2026-05-18,instax mini 13 グリーン,ヤフオク 最高,1000,,https://auctions.yahoo.co.jp/jp/auction/d1229659482
2026-05-18,SX70,ヤフオク 最安,598,,https://auctions.yahoo.co.jp/jp/auction/m1209787490
2026-05-18,SX70,ヤフオク 平均,5600,,https://auctions.yahoo.co.jp/jp/auction/m1209787490
2026-05-18,SX70,ヤフオク 最高,31000,,https://auctions.yahoo.co.jp/jp/auction/m1209787490
2026-05-18,G7X Mark III 30th Anniversary,ヤフオク 最安,170000,,https://auctions.yahoo.co.jp/jp/auction/n1227730181
2026-05-18,G7X Mark III 30th Anniversary,ヤフオク 平均,181275,,https://auctions.yahoo.co.jp/jp/auction/n1227730181
2026-05-18,G7X Mark III 30th Anniversary,ヤフオク 最高,189000,,https://auctions.yahoo.co.jp/jp/auction/n1227730181
2026-05-18,G7 X Mark II,ヤフオク 最安,888,,https://auctions.yahoo.co.jp/jp/auction/p1227491913
2026-05-18,G7 X Mark II,ヤフオク 平均,1334,,https://auctions.yahoo.co.jp/jp/auction/p1227491913
2026-05-18,G7 X Mark II,ヤフオク 最高,3099,,https://auctions.yahoo.co.jp/jp/auction/p1227491913
2026-05-18,X-T30 レンズキット,ヤフオク 最安,149600,,https://auctions.yahoo.co.jp/jp/auction/s1228346104
2026-05-18,X-T30 レンズキット,ヤフオク 平均,149600,,https://auctions.yahoo.co.jp/jp/auction/s1228346104
2026-05-18,X-T30 レンズキット,ヤフオク 最高,149600,,https://auctions.yahoo.co.jp/jp/auction/s1228346104
2026-05-18,Nikon Z50II ダブルズームキット,ヤフオク 最安,162000,,https://auctions.yahoo.co.jp/jp/auction/t1229405545
2026-05-18,Nikon Z50II ダブルズームキット,ヤフオク 平均,162000,,https://auctions.yahoo.co.jp/jp/auction/t1229405545
2026-05-18,Nikon Z50II ダブルズームキット,ヤフオク 最高,162000,,https://auctions.yahoo.co.jp/jp/auction/t1229405545
2026-05-18,Tamagotchi Paradise Blue Water,ヤフオク 最安,5250,,https://auctions.yahoo.co.jp/jp/auction/q1229435044
2026-05-18,Tamagotchi Paradise Blue Water,ヤフオク 平均,5250,,https://auctions.yahoo.co.jp/jp/auction/q1229435044
2026-05-18,Tamagotchi Paradise Blue Water,ヤフオク 最高,5250,,https://auctions.yahoo.co.jp/jp/auction/q1229435044
